{
  "project_info": {
    "project_number": "473027621737",
    "project_id": "ciftciproje",
    "storage_bucket": "ciftciproje.appspot.com"
  },
  "client": [
    {
      "client_info": {
        "mobilesdk_app_id": "1:473027621737:android:0377a505dc9cc01647c3f8",
        "android_client_info": {
          "package_name": "com.denemeler.projeciftci"
        }
      },
      "oauth_client": [
        {
          "client_id": "473027621737-vteo2k9kapupc8gddlfchq2tv7t7a98p.apps.googleusercontent.com",
          "client_type": 3
        }
      ],
      "api_key": [
        {
          "current_key": "AIzaSyC5EsjizrSenNtK44qpzBdqZX5B8Ngrx0o"
        }
      ],
      "services": {
        "appinvite_service": {
          "other_platform_oauth_client": [
            {
              "client_id": "473027621737-vteo2k9kapupc8gddlfchq2tv7t7a98p.apps.googleusercontent.com",
              "client_type": 3
            }
          ]
        }
      }
    }
  ],
  "configuration_version": "1"
}